订单号,地区,品类,金额,状态
CN-001,华东,电子,"¥1,200.50",已发货
CN-002,华北,家具,¥345,待处理
CN-003,华南,办公,"¥2,058.00",已发货
CN-004,西南,电子,¥88,待处理
CN-005,华东,家具,"¥1,200.50",已发货
CN-006,华北,办公,¥345,待处理
CN-007,华南,电子,"¥2,058.00",已发货
CN-008,西南,家具,¥88,待处理
CN-009,华东,办公,"¥1,200.50",已发货
CN-010,华北,电子,¥345,待处理
CN-011,华南,家具,"¥2,058.00",已发货
CN-012,西南,办公,¥88,待处理
CN-013,华东,电子,"¥1,200.50",已发货
CN-014,华北,家具,¥345,待处理
CN-015,华南,办公,"¥2,058.00",已发货
CN-016,西南,电子,¥88,待处理
CN-017,华东,家具,"¥1,200.50",已发货
CN-018,华北,办公,¥345,待处理
CN-019,华南,电子,"¥2,058.00",已发货
CN-020,西南,家具,¥88,待处理
CN-021,华东,办公,"¥1,200.50",已发货
CN-022,华北,电子,¥345,待处理
CN-023,华南,家具,"¥2,058.00",已发货
CN-024,西南,办公,¥88,待处理
CN-025,华东,电子,"¥1,200.50",已发货
CN-026,华北,家具,¥345,待处理
CN-027,华南,办公,"¥2,058.00",已发货
CN-028,西南,电子,¥88,待处理
CN-029,华东,家具,"¥1,200.50",已发货
CN-030,华北,办公,¥345,待处理
CN-031,华南,电子,"¥2,058.00",已发货
CN-032,西南,家具,¥88,待处理
CN-033,华东,办公,"¥1,200.50",已发货
CN-034,华北,电子,¥345,待处理
CN-035,华南,家具,"¥2,058.00",已发货
CN-036,西南,办公,¥88,待处理
CN-037,华东,电子,"¥1,200.50",已发货
CN-038,华北,家具,¥345,待处理
CN-039,华南,办公,"¥2,058.00",已发货
CN-040,西南,电子,¥88,待处理
